<?xml version="1.0" encoding="UTF-8"?>
<metadata xml:lang="en"><Esri><CreaDate>20211115</CreaDate><CreaTime>12145600</CreaTime><ArcGISFormat>1.0</ArcGISFormat><SyncOnce>FALSE</SyncOnce><DataProperties><itemProps><itemName Sync="TRUE">TornSoVIMob</itemName><imsContentType Sync="TRUE">002</imsContentType><itemSize Sync="TRUE">0.000</itemSize><itemLocation><linkage Sync="TRUE">file://\\10LG-2TXBLH2\C$\Users\dicicf\Desktop\GIS Grad Program\GEOG596A\TornSoVIMob.shp</linkage><protocol Sync="TRUE">Local Area Network</protocol></itemLocation></itemProps><coordRef><type Sync="TRUE">Geographic</type><geogcsn Sync="TRUE">GCS_WGS_1984</geogcsn><csUnits Sync="TRUE">Angular Unit: Degree (0.017453)</csUnits><peXml Sync="TRUE">&lt;GeographicCoordinateSystem xsi:type='typens:GeographicCoordinateSystem' xmlns:xsi='http://www.w3.org/2001/XMLSchema-instance' xmlns:xs='http://www.w3.org/2001/XMLSchema' xmlns:typens='http://www.esri.com/schemas/ArcGIS/10.8'&gt;&lt;WKT&gt;GEOGCS[&amp;quot;GCS_WGS_1984&amp;quot;,DATUM[&amp;quot;D_WGS_1984&amp;quot;,SPHEROID[&amp;quot;WGS_1984&amp;quot;,6378137.0,298.257223563]],PRIMEM[&amp;quot;Greenwich&amp;quot;,0.0],UNIT[&amp;quot;Degree&amp;quot;,0.0174532925199433],AUTHORITY[&amp;quot;EPSG&amp;quot;,4326]]&lt;/WKT&gt;&lt;XOrigin&gt;-400&lt;/XOrigin&gt;&lt;YOrigin&gt;-400&lt;/YOrigin&gt;&lt;XYScale&gt;11258999068426.238&lt;/XYScale&gt;&lt;ZOrigin&gt;-100000&lt;/ZOrigin&gt;&lt;ZScale&gt;10000&lt;/ZScale&gt;&lt;MOrigin&gt;-100000&lt;/MOrigin&gt;&lt;MScale&gt;10000&lt;/MScale&gt;&lt;XYTolerance&gt;8.983152841195215e-09&lt;/XYTolerance&gt;&lt;ZTolerance&gt;0.001&lt;/ZTolerance&gt;&lt;MTolerance&gt;0.001&lt;/MTolerance&gt;&lt;HighPrecision&gt;true&lt;/HighPrecision&gt;&lt;LeftLongitude&gt;-180&lt;/LeftLongitude&gt;&lt;WKID&gt;4326&lt;/WKID&gt;&lt;LatestWKID&gt;4326&lt;/LatestWKID&gt;&lt;/GeographicCoordinateSystem&gt;</peXml></coordRef><lineage><Process ToolSource="c:\program files (x86)\arcgis\desktop10.8\ArcToolbox\Toolboxes\Analysis Tools.tbx\SpatialJoin" Date="20211115" Time="121623">SpatialJoin 1950-2019-torn-initpoint SoVI_Mobile "C:\Users\dicicf\Desktop\GIS Grad Program\GEOG596A\TornSoVIMob.shp" JOIN_ONE_TO_ONE KEEP_ALL "om "om" true true false 18 Double 0 18 ,First,#,1950-2019-torn-initpoint,om,-1,-1;yr "yr" true true false 18 Double 0 18 ,First,#,1950-2019-torn-initpoint,yr,-1,-1;mo "mo" true true false 18 Double 0 18 ,First,#,1950-2019-torn-initpoint,mo,-1,-1;dy "dy" true true false 18 Double 0 18 ,First,#,1950-2019-torn-initpoint,dy,-1,-1;date "date" true true false 80 Text 0 0 ,First,#,1950-2019-torn-initpoint,date,-1,-1;time "time" true true false 80 Text 0 0 ,First,#,1950-2019-torn-initpoint,time,-1,-1;tz "tz" true true false 18 Double 0 18 ,First,#,1950-2019-torn-initpoint,tz,-1,-1;st "st" true true false 80 Text 0 0 ,First,#,1950-2019-torn-initpoint,st,-1,-1;stf "stf" true true false 18 Double 0 18 ,First,#,1950-2019-torn-initpoint,stf,-1,-1;stn "stn" true true false 18 Double 0 18 ,First,#,1950-2019-torn-initpoint,stn,-1,-1;mag "mag" true true false 18 Double 0 18 ,First,#,1950-2019-torn-initpoint,mag,-1,-1;inj "inj" true true false 18 Double 0 18 ,First,#,1950-2019-torn-initpoint,inj,-1,-1;fat "fat" true true false 18 Double 0 18 ,First,#,1950-2019-torn-initpoint,fat,-1,-1;loss "loss" true true false 24 Double 15 23 ,First,#,1950-2019-torn-initpoint,loss,-1,-1;closs "closs" true true false 24 Double 15 23 ,First,#,1950-2019-torn-initpoint,closs,-1,-1;slat "slat" true true false 24 Double 15 23 ,First,#,1950-2019-torn-initpoint,slat,-1,-1;slon "slon" true true false 24 Double 15 23 ,First,#,1950-2019-torn-initpoint,slon,-1,-1;elat "elat" true true false 24 Double 15 23 ,First,#,1950-2019-torn-initpoint,elat,-1,-1;elon "elon" true true false 24 Double 15 23 ,First,#,1950-2019-torn-initpoint,elon,-1,-1;len "len" true true false 24 Double 15 23 ,First,#,1950-2019-torn-initpoint,len,-1,-1;wid "wid" true true false 18 Double 0 18 ,First,#,1950-2019-torn-initpoint,wid,-1,-1;fc "fc" true true false 18 Double 0 18 ,First,#,1950-2019-torn-initpoint,fc,-1,-1;ST_1 "ST_1" true true false 2 Text 0 0 ,First,#,SoVI_Mobile,ST,-1,-1;STATE "STATE" true true false 254 Text 0 0 ,First,#,SoVI_Mobile,STATE,-1,-1;ST_ABBR "ST_ABBR" true true false 2 Text 0 0 ,First,#,SoVI_Mobile,ST_ABBR,-1,-1;COUNTY "COUNTY" true true false 254 Text 0 0 ,First,#,SoVI_Mobile,COUNTY,-1,-1;FIPS "FIPS" true true false 254 Text 0 0 ,First,#,SoVI_Mobile,FIPS,-1,-1;LOCATION "LOCATION" true true false 254 Text 0 0 ,First,#,SoVI_Mobile,LOCATION,-1,-1;AREA_SQMI "AREA_SQMI" true true false 19 Double 0 0 ,First,#,SoVI_Mobile,AREA_SQMI,-1,-1;E_TOTPOP "E_TOTPOP" true true false 10 Long 0 10 ,First,#,SoVI_Mobile,E_TOTPOP,-1,-1;M_TOTPOP "M_TOTPOP" true true false 10 Long 0 10 ,First,#,SoVI_Mobile,M_TOTPOP,-1,-1;E_HU "E_HU" true true false 10 Long 0 10 ,First,#,SoVI_Mobile,E_HU,-1,-1;M_HU "M_HU" true true false 10 Long 0 10 ,First,#,SoVI_Mobile,M_HU,-1,-1;E_HH "E_HH" true true false 10 Long 0 10 ,First,#,SoVI_Mobile,E_HH,-1,-1;M_HH "M_HH" true true false 10 Long 0 10 ,First,#,SoVI_Mobile,M_HH,-1,-1;E_POV "E_POV" true true false 10 Long 0 10 ,First,#,SoVI_Mobile,E_POV,-1,-1;M_POV "M_POV" true true false 10 Long 0 10 ,First,#,SoVI_Mobile,M_POV,-1,-1;E_UNEMP "E_UNEMP" true true false 10 Long 0 10 ,First,#,SoVI_Mobile,E_UNEMP,-1,-1;M_UNEMP "M_UNEMP" true true false 10 Long 0 10 ,First,#,SoVI_Mobile,M_UNEMP,-1,-1;E_PCI "E_PCI" true true false 10 Long 0 10 ,First,#,SoVI_Mobile,E_PCI,-1,-1;M_PCI "M_PCI" true true false 10 Long 0 10 ,First,#,SoVI_Mobile,M_PCI,-1,-1;E_NOHSDP "E_NOHSDP" true true false 10 Long 0 10 ,First,#,SoVI_Mobile,E_NOHSDP,-1,-1;M_NOHSDP "M_NOHSDP" true true false 10 Long 0 10 ,First,#,SoVI_Mobile,M_NOHSDP,-1,-1;E_AGE65 "E_AGE65" true true false 10 Long 0 10 ,First,#,SoVI_Mobile,E_AGE65,-1,-1;M_AGE65 "M_AGE65" true true false 10 Long 0 10 ,First,#,SoVI_Mobile,M_AGE65,-1,-1;E_AGE17 "E_AGE17" true true false 10 Long 0 10 ,First,#,SoVI_Mobile,E_AGE17,-1,-1;M_AGE17 "M_AGE17" true true false 10 Long 0 10 ,First,#,SoVI_Mobile,M_AGE17,-1,-1;E_DISABL "E_DISABL" true true false 10 Long 0 10 ,First,#,SoVI_Mobile,E_DISABL,-1,-1;M_DISABL "M_DISABL" true true false 10 Long 0 10 ,First,#,SoVI_Mobile,M_DISABL,-1,-1;E_SNGPNT "E_SNGPNT" true true false 10 Long 0 10 ,First,#,SoVI_Mobile,E_SNGPNT,-1,-1;M_SNGPNT "M_SNGPNT" true true false 19 Double 1 18 ,First,#,SoVI_Mobile,M_SNGPNT,-1,-1;E_MINRTY "E_MINRTY" true true false 10 Long 0 10 ,First,#,SoVI_Mobile,E_MINRTY,-1,-1;M_MINRTY "M_MINRTY" true true false 19 Double 1 18 ,First,#,SoVI_Mobile,M_MINRTY,-1,-1;E_LIMENG "E_LIMENG" true true false 10 Long 0 10 ,First,#,SoVI_Mobile,E_LIMENG,-1,-1;M_LIMENG "M_LIMENG" true true false 19 Double 1 18 ,First,#,SoVI_Mobile,M_LIMENG,-1,-1;E_MUNIT "E_MUNIT" true true false 10 Long 0 10 ,First,#,SoVI_Mobile,E_MUNIT,-1,-1;M_MUNIT "M_MUNIT" true true false 19 Double 1 18 ,First,#,SoVI_Mobile,M_MUNIT,-1,-1;E_MOBILE "E_MOBILE" true true false 10 Long 0 10 ,First,#,SoVI_Mobile,E_MOBILE,-1,-1;M_MOBILE "M_MOBILE" true true false 10 Long 0 10 ,First,#,SoVI_Mobile,M_MOBILE,-1,-1;E_CROWD "E_CROWD" true true false 10 Long 0 10 ,First,#,SoVI_Mobile,E_CROWD,-1,-1;M_CROWD "M_CROWD" true true false 19 Double 1 18 ,First,#,SoVI_Mobile,M_CROWD,-1,-1;E_NOVEH "E_NOVEH" true true false 10 Long 0 10 ,First,#,SoVI_Mobile,E_NOVEH,-1,-1;M_NOVEH "M_NOVEH" true true false 10 Long 0 10 ,First,#,SoVI_Mobile,M_NOVEH,-1,-1;E_GROUPQ "E_GROUPQ" true true false 10 Long 0 10 ,First,#,SoVI_Mobile,E_GROUPQ,-1,-1;M_GROUPQ "M_GROUPQ" true true false 10 Long 0 10 ,First,#,SoVI_Mobile,M_GROUPQ,-1,-1;EP_POV "EP_POV" true true false 19 Double 1 18 ,First,#,SoVI_Mobile,EP_POV,-1,-1;MP_POV "MP_POV" true true false 19 Double 1 18 ,First,#,SoVI_Mobile,MP_POV,-1,-1;EP_UNEMP "EP_UNEMP" true true false 19 Double 1 18 ,First,#,SoVI_Mobile,EP_UNEMP,-1,-1;MP_UNEMP "MP_UNEMP" true true false 19 Double 1 18 ,First,#,SoVI_Mobile,MP_UNEMP,-1,-1;EP_PCI "EP_PCI" true true false 19 Double 1 18 ,First,#,SoVI_Mobile,EP_PCI,-1,-1;MP_PCI "MP_PCI" true true false 19 Double 1 18 ,First,#,SoVI_Mobile,MP_PCI,-1,-1;EP_NOHSDP "EP_NOHSDP" true true false 19 Double 1 18 ,First,#,SoVI_Mobile,EP_NOHSDP,-1,-1;MP_NOHSDP "MP_NOHSDP" true true false 19 Double 1 18 ,First,#,SoVI_Mobile,MP_NOHSDP,-1,-1;EP_AGE65 "EP_AGE65" true true false 19 Double 1 18 ,First,#,SoVI_Mobile,EP_AGE65,-1,-1;MP_AGE65 "MP_AGE65" true true false 19 Double 1 18 ,First,#,SoVI_Mobile,MP_AGE65,-1,-1;EP_AGE17 "EP_AGE17" true true false 19 Double 1 18 ,First,#,SoVI_Mobile,EP_AGE17,-1,-1;MP_AGE17 "MP_AGE17" true true false 19 Double 1 18 ,First,#,SoVI_Mobile,MP_AGE17,-1,-1;EP_DISABL "EP_DISABL" true true false 19 Double 1 18 ,First,#,SoVI_Mobile,EP_DISABL,-1,-1;MP_DISABL "MP_DISABL" true true false 19 Double 1 18 ,First,#,SoVI_Mobile,MP_DISABL,-1,-1;EP_SNGPNT "EP_SNGPNT" true true false 19 Double 1 18 ,First,#,SoVI_Mobile,EP_SNGPNT,-1,-1;MP_SNGPNT "MP_SNGPNT" true true false 19 Double 1 18 ,First,#,SoVI_Mobile,MP_SNGPNT,-1,-1;EP_MINRTY "EP_MINRTY" true true false 19 Double 1 18 ,First,#,SoVI_Mobile,EP_MINRTY,-1,-1;MP_MINRTY "MP_MINRTY" true true false 19 Double 1 18 ,First,#,SoVI_Mobile,MP_MINRTY,-1,-1;EP_LIMENG "EP_LIMENG" true true false 19 Double 1 18 ,First,#,SoVI_Mobile,EP_LIMENG,-1,-1;MP_LIMENG "MP_LIMENG" true true false 19 Double 1 18 ,First,#,SoVI_Mobile,MP_LIMENG,-1,-1;EP_MUNIT "EP_MUNIT" true true false 19 Double 1 18 ,First,#,SoVI_Mobile,EP_MUNIT,-1,-1;MP_MUNIT "MP_MUNIT" true true false 19 Double 1 18 ,First,#,SoVI_Mobile,MP_MUNIT,-1,-1;EP_MOBILE "EP_MOBILE" true true false 19 Double 1 18 ,First,#,SoVI_Mobile,EP_MOBILE,-1,-1;MP_MOBILE "MP_MOBILE" true true false 19 Double 1 18 ,First,#,SoVI_Mobile,MP_MOBILE,-1,-1;EP_CROWD "EP_CROWD" true true false 19 Double 1 18 ,First,#,SoVI_Mobile,EP_CROWD,-1,-1;MP_CROWD "MP_CROWD" true true false 19 Double 1 18 ,First,#,SoVI_Mobile,MP_CROWD,-1,-1;EP_NOVEH "EP_NOVEH" true true false 19 Double 1 18 ,First,#,SoVI_Mobile,EP_NOVEH,-1,-1;MP_NOVEH "MP_NOVEH" true true false 19 Double 1 18 ,First,#,SoVI_Mobile,MP_NOVEH,-1,-1;EP_GROUPQ "EP_GROUPQ" true true false 19 Double 1 18 ,First,#,SoVI_Mobile,EP_GROUPQ,-1,-1;MP_GROUPQ "MP_GROUPQ" true true false 19 Double 1 18 ,First,#,SoVI_Mobile,MP_GROUPQ,-1,-1;EPL_POV "EPL_POV" true true false 19 Double 4 18 ,First,#,SoVI_Mobile,EPL_POV,-1,-1;EPL_UNEMP "EPL_UNEMP" true true false 19 Double 4 18 ,First,#,SoVI_Mobile,EPL_UNEMP,-1,-1;EPL_PCI "EPL_PCI" true true false 19 Double 4 18 ,First,#,SoVI_Mobile,EPL_PCI,-1,-1;EPL_NOHSDP "EPL_NOHSDP" true true false 19 Double 4 18 ,First,#,SoVI_Mobile,EPL_NOHSDP,-1,-1;SPL_THEME1 "SPL_THEME1" true true false 19 Double 4 18 ,First,#,SoVI_Mobile,SPL_THEME1,-1,-1;RPL_THEME1 "RPL_THEME1" true true false 19 Double 4 18 ,First,#,SoVI_Mobile,RPL_THEME1,-1,-1;EPL_AGE65 "EPL_AGE65" true true false 19 Double 4 18 ,First,#,SoVI_Mobile,EPL_AGE65,-1,-1;EPL_AGE17 "EPL_AGE17" true true false 19 Double 4 18 ,First,#,SoVI_Mobile,EPL_AGE17,-1,-1;EPL_DISABL "EPL_DISABL" true true false 19 Double 4 18 ,First,#,SoVI_Mobile,EPL_DISABL,-1,-1;EPL_SNGPNT "EPL_SNGPNT" true true false 19 Double 4 18 ,First,#,SoVI_Mobile,EPL_SNGPNT,-1,-1;SPL_THEME2 "SPL_THEME2" true true false 19 Double 4 18 ,First,#,SoVI_Mobile,SPL_THEME2,-1,-1;RPL_THEME2 "RPL_THEME2" true true false 19 Double 4 18 ,First,#,SoVI_Mobile,RPL_THEME2,-1,-1;EPL_MINRTY "EPL_MINRTY" true true false 19 Double 4 18 ,First,#,SoVI_Mobile,EPL_MINRTY,-1,-1;EPL_LIMENG "EPL_LIMENG" true true false 19 Double 4 18 ,First,#,SoVI_Mobile,EPL_LIMENG,-1,-1;SPL_THEME3 "SPL_THEME3" true true false 19 Double 4 18 ,First,#,SoVI_Mobile,SPL_THEME3,-1,-1;RPL_THEME3 "RPL_THEME3" true true false 19 Double 4 18 ,First,#,SoVI_Mobile,RPL_THEME3,-1,-1;EPL_MUNIT "EPL_MUNIT" true true false 19 Double 4 18 ,First,#,SoVI_Mobile,EPL_MUNIT,-1,-1;EPL_MOBILE "EPL_MOBILE" true true false 19 Double 4 18 ,First,#,SoVI_Mobile,EPL_MOBILE,-1,-1;EPL_CROWD "EPL_CROWD" true true false 19 Double 4 18 ,First,#,SoVI_Mobile,EPL_CROWD,-1,-1;EPL_NOVEH "EPL_NOVEH" true true false 19 Double 4 18 ,First,#,SoVI_Mobile,EPL_NOVEH,-1,-1;EPL_GROUPQ "EPL_GROUPQ" true true false 19 Double 4 18 ,First,#,SoVI_Mobile,EPL_GROUPQ,-1,-1;SPL_THEME4 "SPL_THEME4" true true false 19 Double 4 18 ,First,#,SoVI_Mobile,SPL_THEME4,-1,-1;RPL_THEME4 "RPL_THEME4" true true false 19 Double 4 18 ,First,#,SoVI_Mobile,RPL_THEME4,-1,-1;SPL_THEMES "SPL_THEMES" true true false 19 Double 4 18 ,First,#,SoVI_Mobile,SPL_THEMES,-1,-1;RPL_THEMES "RPL_THEMES" true true false 19 Double 4 18 ,First,#,SoVI_Mobile,RPL_THEMES,-1,-1;F_POV "F_POV" true true false 5 Long 0 5 ,First,#,SoVI_Mobile,F_POV,-1,-1;F_UNEMP "F_UNEMP" true true false 5 Long 0 5 ,First,#,SoVI_Mobile,F_UNEMP,-1,-1;F_PCI "F_PCI" true true false 5 Long 0 5 ,First,#,SoVI_Mobile,F_PCI,-1,-1;F_NOHSDP "F_NOHSDP" true true false 5 Long 0 5 ,First,#,SoVI_Mobile,F_NOHSDP,-1,-1;F_THEME1 "F_THEME1" true true false 5 Long 0 5 ,First,#,SoVI_Mobile,F_THEME1,-1,-1;F_AGE65 "F_AGE65" true true false 5 Long 0 5 ,First,#,SoVI_Mobile,F_AGE65,-1,-1;F_AGE17 "F_AGE17" true true false 5 Long 0 5 ,First,#,SoVI_Mobile,F_AGE17,-1,-1;F_DISABL "F_DISABL" true true false 5 Long 0 5 ,First,#,SoVI_Mobile,F_DISABL,-1,-1;F_SNGPNT "F_SNGPNT" true true false 5 Long 0 5 ,First,#,SoVI_Mobile,F_SNGPNT,-1,-1;F_THEME2 "F_THEME2" true true false 5 Long 0 5 ,First,#,SoVI_Mobile,F_THEME2,-1,-1;F_MINRTY "F_MINRTY" true true false 5 Long 0 5 ,First,#,SoVI_Mobile,F_MINRTY,-1,-1;F_LIMENG "F_LIMENG" true true false 5 Long 0 5 ,First,#,SoVI_Mobile,F_LIMENG,-1,-1;F_THEME3 "F_THEME3" true true false 5 Long 0 5 ,First,#,SoVI_Mobile,F_THEME3,-1,-1;F_MUNIT "F_MUNIT" true true false 5 Long 0 5 ,First,#,SoVI_Mobile,F_MUNIT,-1,-1;F_MOBILE "F_MOBILE" true true false 5 Long 0 5 ,First,#,SoVI_Mobile,F_MOBILE,-1,-1;F_CROWD "F_CROWD" true true false 5 Long 0 5 ,First,#,SoVI_Mobile,F_CROWD,-1,-1;F_NOVEH "F_NOVEH" true true false 5 Long 0 5 ,First,#,SoVI_Mobile,F_NOVEH,-1,-1;F_GROUPQ "F_GROUPQ" true true false 5 Long 0 5 ,First,#,SoVI_Mobile,F_GROUPQ,-1,-1;F_THEME4 "F_THEME4" true true false 5 Long 0 5 ,First,#,SoVI_Mobile,F_THEME4,-1,-1;F_TOTAL "F_TOTAL" true true false 5 Long 0 5 ,First,#,SoVI_Mobile,F_TOTAL,-1,-1;E_UNINSUR "E_UNINSUR" true true false 10 Long 0 10 ,First,#,SoVI_Mobile,E_UNINSUR,-1,-1;M_UNINSUR "M_UNINSUR" true true false 10 Long 0 10 ,First,#,SoVI_Mobile,M_UNINSUR,-1,-1;EP_UNINSUR "EP_UNINSUR" true true false 19 Double 1 18 ,First,#,SoVI_Mobile,EP_UNINSUR,-1,-1;MP_UNINSUR "MP_UNINSUR" true true false 19 Double 1 18 ,First,#,SoVI_Mobile,MP_UNINSUR,-1,-1;E_DAYPOP "E_DAYPOP" true true false 10 Long 0 10 ,First,#,SoVI_Mobile,E_DAYPOP,-1,-1;Shape_STAr "Shape_STAr" true true false 19 Double 0 0 ,First,#,SoVI_Mobile,Shape_STAr,-1,-1;Shape_STLe "Shape_STLe" true true false 19 Double 0 0 ,First,#,SoVI_Mobile,Shape_STLe,-1,-1;FID_1 "FID_1" true true false 9 Long 0 9 ,First,#,SoVI_Mobile,FID_1,-1,-1;STATE_1 "STATE_1" true true false 2 Text 0 0 ,First,#,SoVI_Mobile,STATE_1,-1,-1;CWA "CWA" true true false 9 Text 0 0 ,First,#,SoVI_Mobile,CWA,-1,-1;COUNTYNAME "COUNTYNAME" true true false 24 Text 0 0 ,First,#,SoVI_Mobile,COUNTYNAME,-1,-1;FIPS_1 "FIPS_1" true true false 5 Long 0 5 ,First,#,SoVI_Mobile,FIPS_1,-1,-1;TIME_ZONE "TIME_ZONE" true true false 2 Text 0 0 ,First,#,SoVI_Mobile,TIME_ZONE,-1,-1;FE_AREA "FE_AREA" true true false 2 Text 0 0 ,First,#,SoVI_Mobile,FE_AREA,-1,-1;LON "LON" true true false 19 Double 5 18 ,First,#,SoVI_Mobile,LON,-1,-1;LAT "LAT" true true false 19 Double 5 18 ,First,#,SoVI_Mobile,LAT,-1,-1;MobileHome "MobileHome" true true false 19 Double 0 0 ,First,#,SoVI_Mobile,MobileHome,-1,-1;ErrorMargi "ErrorMargi" true true false 19 Double 0 0 ,First,#,SoVI_Mobile,ErrorMargi,-1,-1" INTERSECT # #</Process></lineage></DataProperties><SyncDate>20211115</SyncDate><SyncTime>12145600</SyncTime><ModDate>20211115</ModDate><ModTime>12145600</ModTime></Esri><dataIdInfo><envirDesc Sync="TRUE"> Version 6.2 (Build 9200) ; Esri ArcGIS 10.8.1.14362</envirDesc><dataLang><languageCode value="eng" Sync="TRUE"></languageCode><countryCode value="USA" Sync="TRUE"></countryCode></dataLang><idCitation><resTitle Sync="TRUE">TornSoVIMob</resTitle><presForm><PresFormCd value="005" Sync="TRUE"></PresFormCd></presForm></idCitation><spatRpType><SpatRepTypCd value="001" Sync="TRUE"></SpatRepTypCd></spatRpType></dataIdInfo><mdLang><languageCode value="eng" Sync="TRUE"></languageCode><countryCode value="USA" Sync="TRUE"></countryCode></mdLang><mdChar><CharSetCd value="004" Sync="TRUE"></CharSetCd></mdChar><distInfo><distFormat><formatName Sync="TRUE">Shapefile</formatName></distFormat><distTranOps><transSize Sync="TRUE">0.000</transSize></distTranOps></distInfo><mdHrLv><ScopeCd value="005" Sync="TRUE"></ScopeCd></mdHrLv><mdHrLvName Sync="TRUE">dataset</mdHrLvName><refSysInfo><RefSystem><refSysID><identCode code="4326" Sync="TRUE"></identCode><idCodeSpace Sync="TRUE">EPSG</idCodeSpace><idVersion Sync="TRUE">6.14(3.0.1)</idVersion></refSysID></RefSystem></refSysInfo><spatRepInfo><VectSpatRep><geometObjs Name="TornSoVIMob"><geoObjTyp><GeoObjTypCd value="004" Sync="TRUE"></GeoObjTypCd></geoObjTyp><geoObjCnt Sync="TRUE">0</geoObjCnt></geometObjs><topLvl><TopoLevCd value="001" Sync="TRUE"></TopoLevCd></topLvl></VectSpatRep></spatRepInfo><spdoinfo><ptvctinf><esriterm Name="TornSoVIMob"><efeatyp Sync="TRUE">Simple</efeatyp><efeageom code="1" Sync="TRUE"></efeageom><esritopo Sync="TRUE">FALSE</esritopo><efeacnt Sync="TRUE">0</efeacnt><spindex Sync="TRUE">FALSE</spindex><linrefer Sync="TRUE">FALSE</linrefer></esriterm></ptvctinf></spdoinfo><eainfo><detailed Name="TornSoVIMob"><enttyp><enttypl Sync="TRUE">TornSoVIMob</enttypl><enttypt Sync="TRUE">Feature Class</enttypt><enttypc Sync="TRUE">0</enttypc></enttyp><attr><attrlabl Sync="TRUE">FID</attrlabl><attalias Sync="TRUE">FID</attalias><attrtype Sync="TRUE">OID</attrtype><attwidth Sync="TRUE">4</attwidth><atprecis Sync="TRUE">0</atprecis><attscale Sync="TRUE">0</attscale><attrdef Sync="TRUE">Internal feature number.</attrdef><attrdefs Sync="TRUE">Esri</attrdefs><attrdomv><udom Sync="TRUE">Sequential unique whole numbers that are automatically generated.</udom></attrdomv></attr><attr><attrlabl Sync="TRUE">Shape</attrlabl><attalias Sync="TRUE">Shape</attalias><attrtype Sync="TRUE">Geometry</attrtype><attwidth Sync="TRUE">0</attwidth><atprecis Sync="TRUE">0</atprecis><attscale Sync="TRUE">0</attscale><attrdef Sync="TRUE">Feature geometry.</attrdef><attrdefs Sync="TRUE">Esri</attrdefs><attrdomv><udom Sync="TRUE">Coordinates defining the features.</udom></attrdomv></attr><attr><attrlabl Sync="TRUE">Join_Count</attrlabl><attalias Sync="TRUE">Join_Count</attalias><attrtype Sync="TRUE">Integer</attrtype><attwidth Sync="TRUE">10</attwidth><atprecis Sync="TRUE">10</atprecis><attscale Sync="TRUE">0</attscale></attr><attr><attrlabl Sync="TRUE">TARGET_FID</attrlabl><attalias Sync="TRUE">TARGET_FID</attalias><attrtype Sync="TRUE">Integer</attrtype><attwidth Sync="TRUE">10</attwidth><atprecis Sync="TRUE">10</atprecis><attscale Sync="TRUE">0</attscale></attr><attr><attrlabl Sync="TRUE">om</attrlabl><attalias Sync="TRUE">om</attalias><attrtype Sync="TRUE">Double</attrtype><attwidth Sync="TRUE">18</attwidth><atprecis Sync="TRUE">18</atprecis><attscale Sync="TRUE">0</attscale></attr><attr><attrlabl Sync="TRUE">yr</attrlabl><attalias Sync="TRUE">yr</attalias><attrtype Sync="TRUE">Double</attrtype><attwidth Sync="TRUE">18</attwidth><atprecis Sync="TRUE">18</atprecis><attscale Sync="TRUE">0</attscale></attr><attr><attrlabl Sync="TRUE">mo</attrlabl><attalias Sync="TRUE">mo</attalias><attrtype Sync="TRUE">Double</attrtype><attwidth Sync="TRUE">18</attwidth><atprecis Sync="TRUE">18</atprecis><attscale Sync="TRUE">0</attscale></attr><attr><attrlabl Sync="TRUE">dy</attrlabl><attalias Sync="TRUE">dy</attalias><attrtype Sync="TRUE">Double</attrtype><attwidth Sync="TRUE">18</attwidth><atprecis Sync="TRUE">18</atprecis><attscale Sync="TRUE">0</attscale></attr><attr><attrlabl Sync="TRUE">date</attrlabl><attalias Sync="TRUE">date</attalias><attrtype Sync="TRUE">String</attrtype><attwidth Sync="TRUE">80</attwidth><atprecis Sync="TRUE">0</atprecis><attscale Sync="TRUE">0</attscale></attr><attr><attrlabl Sync="TRUE">time</attrlabl><attalias Sync="TRUE">time</attalias><attrtype Sync="TRUE">String</attrtype><attwidth Sync="TRUE">80</attwidth><atprecis Sync="TRUE">0</atprecis><attscale Sync="TRUE">0</attscale></attr><attr><attrlabl Sync="TRUE">tz</attrlabl><attalias Sync="TRUE">tz</attalias><attrtype Sync="TRUE">Double</attrtype><attwidth Sync="TRUE">18</attwidth><atprecis Sync="TRUE">18</atprecis><attscale Sync="TRUE">0</attscale></attr><attr><attrlabl Sync="TRUE">st</attrlabl><attalias Sync="TRUE">st</attalias><attrtype Sync="TRUE">String</attrtype><attwidth Sync="TRUE">80</attwidth><atprecis Sync="TRUE">0</atprecis><attscale Sync="TRUE">0</attscale></attr><attr><attrlabl Sync="TRUE">stf</attrlabl><attalias Sync="TRUE">stf</attalias><attrtype Sync="TRUE">Double</attrtype><attwidth Sync="TRUE">18</attwidth><atprecis Sync="TRUE">18</atprecis><attscale Sync="TRUE">0</attscale></attr><attr><attrlabl Sync="TRUE">stn</attrlabl><attalias Sync="TRUE">stn</attalias><attrtype Sync="TRUE">Double</attrtype><attwidth Sync="TRUE">18</attwidth><atprecis Sync="TRUE">18</atprecis><attscale Sync="TRUE">0</attscale></attr><attr><attrlabl Sync="TRUE">mag</attrlabl><attalias Sync="TRUE">mag</attalias><attrtype Sync="TRUE">Double</attrtype><attwidth Sync="TRUE">18</attwidth><atprecis Sync="TRUE">18</atprecis><attscale Sync="TRUE">0</attscale></attr><attr><attrlabl Sync="TRUE">inj</attrlabl><attalias Sync="TRUE">inj</attalias><attrtype Sync="TRUE">Double</attrtype><attwidth Sync="TRUE">18</attwidth><atprecis Sync="TRUE">18</atprecis><attscale Sync="TRUE">0</attscale></attr><attr><attrlabl Sync="TRUE">fat</attrlabl><attalias Sync="TRUE">fat</attalias><attrtype Sync="TRUE">Double</attrtype><attwidth Sync="TRUE">18</attwidth><atprecis Sync="TRUE">18</atprecis><attscale Sync="TRUE">0</attscale></attr><attr><attrlabl Sync="TRUE">loss</attrlabl><attalias Sync="TRUE">loss</attalias><attrtype Sync="TRUE">Double</attrtype><attwidth Sync="TRUE">19</attwidth><atprecis Sync="TRUE">18</atprecis><attscale Sync="TRUE">15</attscale></attr><attr><attrlabl Sync="TRUE">closs</attrlabl><attalias Sync="TRUE">closs</attalias><attrtype Sync="TRUE">Double</attrtype><attwidth Sync="TRUE">19</attwidth><atprecis Sync="TRUE">18</atprecis><attscale Sync="TRUE">15</attscale></attr><attr><attrlabl Sync="TRUE">slat</attrlabl><attalias Sync="TRUE">slat</attalias><attrtype Sync="TRUE">Double</attrtype><attwidth Sync="TRUE">19</attwidth><atprecis Sync="TRUE">18</atprecis><attscale Sync="TRUE">15</attscale></attr><attr><attrlabl Sync="TRUE">slon</attrlabl><attalias Sync="TRUE">slon</attalias><attrtype Sync="TRUE">Double</attrtype><attwidth Sync="TRUE">19</attwidth><atprecis Sync="TRUE">18</atprecis><attscale Sync="TRUE">15</attscale></attr><attr><attrlabl Sync="TRUE">elat</attrlabl><attalias Sync="TRUE">elat</attalias><attrtype Sync="TRUE">Double</attrtype><attwidth Sync="TRUE">19</attwidth><atprecis Sync="TRUE">18</atprecis><attscale Sync="TRUE">15</attscale></attr><attr><attrlabl Sync="TRUE">elon</attrlabl><attalias Sync="TRUE">elon</attalias><attrtype Sync="TRUE">Double</attrtype><attwidth Sync="TRUE">19</attwidth><atprecis Sync="TRUE">18</atprecis><attscale Sync="TRUE">15</attscale></attr><attr><attrlabl Sync="TRUE">len</attrlabl><attalias Sync="TRUE">len</attalias><attrtype Sync="TRUE">Double</attrtype><attwidth Sync="TRUE">19</attwidth><atprecis Sync="TRUE">18</atprecis><attscale Sync="TRUE">15</attscale></attr><attr><attrlabl Sync="TRUE">wid</attrlabl><attalias Sync="TRUE">wid</attalias><attrtype Sync="TRUE">Double</attrtype><attwidth Sync="TRUE">18</attwidth><atprecis Sync="TRUE">18</atprecis><attscale Sync="TRUE">0</attscale></attr><attr><attrlabl Sync="TRUE">fc</attrlabl><attalias Sync="TRUE">fc</attalias><attrtype Sync="TRUE">Double</attrtype><attwidth Sync="TRUE">18</attwidth><atprecis Sync="TRUE">18</atprecis><attscale Sync="TRUE">0</attscale></attr><attr><attrlabl Sync="TRUE">ST_1</attrlabl><attalias Sync="TRUE">ST_1</attalias><attrtype Sync="TRUE">String</attrtype><attwidth Sync="TRUE">2</attwidth><atprecis Sync="TRUE">0</atprecis><attscale Sync="TRUE">0</attscale></attr><attr><attrlabl Sync="TRUE">STATE</attrlabl><attalias Sync="TRUE">STATE</attalias><attrtype Sync="TRUE">String</attrtype><attwidth Sync="TRUE">254</attwidth><atprecis Sync="TRUE">0</atprecis><attscale Sync="TRUE">0</attscale></attr><attr><attrlabl Sync="TRUE">ST_ABBR</attrlabl><attalias Sync="TRUE">ST_ABBR</attalias><attrtype Sync="TRUE">String</attrtype><attwidth Sync="TRUE">2</attwidth><atprecis Sync="TRUE">0</atprecis><attscale Sync="TRUE">0</attscale></attr><attr><attrlabl Sync="TRUE">COUNTY</attrlabl><attalias Sync="TRUE">COUNTY</attalias><attrtype Sync="TRUE">String</attrtype><attwidth Sync="TRUE">254</attwidth><atprecis Sync="TRUE">0</atprecis><attscale Sync="TRUE">0</attscale></attr><attr><attrlabl Sync="TRUE">FIPS</attrlabl><attalias Sync="TRUE">FIPS</attalias><attrtype Sync="TRUE">String</attrtype><attwidth Sync="TRUE">254</attwidth><atprecis Sync="TRUE">0</atprecis><attscale Sync="TRUE">0</attscale></attr><attr><attrlabl Sync="TRUE">LOCATION</attrlabl><attalias Sync="TRUE">LOCATION</attalias><attrtype Sync="TRUE">String</attrtype><attwidth Sync="TRUE">254</attwidth><atprecis Sync="TRUE">0</atprecis><attscale Sync="TRUE">0</attscale></attr><attr><attrlabl Sync="TRUE">AREA_SQMI</attrlabl><attalias Sync="TRUE">AREA_SQMI</attalias><attrtype Sync="TRUE">Double</attrtype><attwidth Sync="TRUE">19</attwidth><atprecis Sync="TRUE">0</atprecis><attscale Sync="TRUE">0</attscale></attr><attr><attrlabl Sync="TRUE">E_TOTPOP</attrlabl><attalias Sync="TRUE">E_TOTPOP</attalias><attrtype Sync="TRUE">Integer</attrtype><attwidth Sync="TRUE">10</attwidth><atprecis Sync="TRUE">10</atprecis><attscale Sync="TRUE">0</attscale></attr><attr><attrlabl Sync="TRUE">M_TOTPOP</attrlabl><attalias Sync="TRUE">M_TOTPOP</attalias><attrtype Sync="TRUE">Integer</attrtype><attwidth Sync="TRUE">10</attwidth><atprecis Sync="TRUE">10</atprecis><attscale Sync="TRUE">0</attscale></attr><attr><attrlabl Sync="TRUE">E_HU</attrlabl><attalias Sync="TRUE">E_HU</attalias><attrtype Sync="TRUE">Integer</attrtype><attwidth Sync="TRUE">10</attwidth><atprecis Sync="TRUE">10</atprecis><attscale Sync="TRUE">0</attscale></attr><attr><attrlabl Sync="TRUE">M_HU</attrlabl><attalias Sync="TRUE">M_HU</attalias><attrtype Sync="TRUE">Integer</attrtype><attwidth Sync="TRUE">10</attwidth><atprecis Sync="TRUE">10</atprecis><attscale Sync="TRUE">0</attscale></attr><attr><attrlabl Sync="TRUE">E_HH</attrlabl><attalias Sync="TRUE">E_HH</attalias><attrtype Sync="TRUE">Integer</attrtype><attwidth Sync="TRUE">10</attwidth><atprecis Sync="TRUE">10</atprecis><attscale Sync="TRUE">0</attscale></attr><attr><attrlabl Sync="TRUE">M_HH</attrlabl><attalias Sync="TRUE">M_HH</attalias><attrtype Sync="TRUE">Integer</attrtype><attwidth Sync="TRUE">10</attwidth><atprecis Sync="TRUE">10</atprecis><attscale Sync="TRUE">0</attscale></attr><attr><attrlabl Sync="TRUE">E_POV</attrlabl><attalias Sync="TRUE">E_POV</attalias><attrtype Sync="TRUE">Integer</attrtype><attwidth Sync="TRUE">10</attwidth><atprecis Sync="TRUE">10</atprecis><attscale Sync="TRUE">0</attscale></attr><attr><attrlabl Sync="TRUE">M_POV</attrlabl><attalias Sync="TRUE">M_POV</attalias><attrtype Sync="TRUE">Integer</attrtype><attwidth Sync="TRUE">10</attwidth><atprecis Sync="TRUE">10</atprecis><attscale Sync="TRUE">0</attscale></attr><attr><attrlabl Sync="TRUE">E_UNEMP</attrlabl><attalias Sync="TRUE">E_UNEMP</attalias><attrtype Sync="TRUE">Integer</attrtype><attwidth Sync="TRUE">10</attwidth><atprecis Sync="TRUE">10</atprecis><attscale Sync="TRUE">0</attscale></attr><attr><attrlabl Sync="TRUE">M_UNEMP</attrlabl><attalias Sync="TRUE">M_UNEMP</attalias><attrtype Sync="TRUE">Integer</attrtype><attwidth Sync="TRUE">10</attwidth><atprecis Sync="TRUE">10</atprecis><attscale Sync="TRUE">0</attscale></attr><attr><attrlabl Sync="TRUE">E_PCI</attrlabl><attalias Sync="TRUE">E_PCI</attalias><attrtype Sync="TRUE">Integer</attrtype><attwidth Sync="TRUE">10</attwidth><atprecis Sync="TRUE">10</atprecis><attscale Sync="TRUE">0</attscale></attr><attr><attrlabl Sync="TRUE">M_PCI</attrlabl><attalias Sync="TRUE">M_PCI</attalias><attrtype Sync="TRUE">Integer</attrtype><attwidth Sync="TRUE">10</attwidth><atprecis Sync="TRUE">10</atprecis><attscale Sync="TRUE">0</attscale></attr><attr><attrlabl Sync="TRUE">E_NOHSDP</attrlabl><attalias Sync="TRUE">E_NOHSDP</attalias><attrtype Sync="TRUE">Integer</attrtype><attwidth Sync="TRUE">10</attwidth><atprecis Sync="TRUE">10</atprecis><attscale Sync="TRUE">0</attscale></attr><attr><attrlabl Sync="TRUE">M_NOHSDP</attrlabl><attalias Sync="TRUE">M_NOHSDP</attalias><attrtype Sync="TRUE">Integer</attrtype><attwidth Sync="TRUE">10</attwidth><atprecis Sync="TRUE">10</atprecis><attscale Sync="TRUE">0</attscale></attr><attr><attrlabl Sync="TRUE">E_AGE65</attrlabl><attalias Sync="TRUE">E_AGE65</attalias><attrtype Sync="TRUE">Integer</attrtype><attwidth Sync="TRUE">10</attwidth><atprecis Sync="TRUE">10</atprecis><attscale Sync="TRUE">0</attscale></attr><attr><attrlabl Sync="TRUE">M_AGE65</attrlabl><attalias Sync="TRUE">M_AGE65</attalias><attrtype Sync="TRUE">Integer</attrtype><attwidth Sync="TRUE">10</attwidth><atprecis Sync="TRUE">10</atprecis><attscale Sync="TRUE">0</attscale></attr><attr><attrlabl Sync="TRUE">E_AGE17</attrlabl><attalias Sync="TRUE">E_AGE17</attalias><attrtype Sync="TRUE">Integer</attrtype><attwidth Sync="TRUE">10</attwidth><atprecis Sync="TRUE">10</atprecis><attscale Sync="TRUE">0</attscale></attr><attr><attrlabl Sync="TRUE">M_AGE17</attrlabl><attalias Sync="TRUE">M_AGE17</attalias><attrtype Sync="TRUE">Integer</attrtype><attwidth Sync="TRUE">10</attwidth><atprecis Sync="TRUE">10</atprecis><attscale Sync="TRUE">0</attscale></attr><attr><attrlabl Sync="TRUE">E_DISABL</attrlabl><attalias Sync="TRUE">E_DISABL</attalias><attrtype Sync="TRUE">Integer</attrtype><attwidth Sync="TRUE">10</attwidth><atprecis Sync="TRUE">10</atprecis><attscale Sync="TRUE">0</attscale></attr><attr><attrlabl Sync="TRUE">M_DISABL</attrlabl><attalias Sync="TRUE">M_DISABL</attalias><attrtype Sync="TRUE">Integer</attrtype><attwidth Sync="TRUE">10</attwidth><atprecis Sync="TRUE">10</atprecis><attscale Sync="TRUE">0</attscale></attr><attr><attrlabl Sync="TRUE">E_SNGPNT</attrlabl><attalias Sync="TRUE">E_SNGPNT</attalias><attrtype Sync="TRUE">Integer</attrtype><attwidth Sync="TRUE">10</attwidth><atprecis Sync="TRUE">10</atprecis><attscale Sync="TRUE">0</attscale></attr><attr><attrlabl Sync="TRUE">M_SNGPNT</attrlabl><attalias Sync="TRUE">M_SNGPNT</attalias><attrtype Sync="TRUE">Double</attrtype><attwidth Sync="TRUE">19</attwidth><atprecis Sync="TRUE">18</atprecis><attscale Sync="TRUE">1</attscale></attr><attr><attrlabl Sync="TRUE">E_MINRTY</attrlabl><attalias Sync="TRUE">E_MINRTY</attalias><attrtype Sync="TRUE">Integer</attrtype><attwidth Sync="TRUE">10</attwidth><atprecis Sync="TRUE">10</atprecis><attscale Sync="TRUE">0</attscale></attr><attr><attrlabl Sync="TRUE">M_MINRTY</attrlabl><attalias Sync="TRUE">M_MINRTY</attalias><attrtype Sync="TRUE">Double</attrtype><attwidth Sync="TRUE">19</attwidth><atprecis Sync="TRUE">18</atprecis><attscale Sync="TRUE">1</attscale></attr><attr><attrlabl Sync="TRUE">E_LIMENG</attrlabl><attalias Sync="TRUE">E_LIMENG</attalias><attrtype Sync="TRUE">Integer</attrtype><attwidth Sync="TRUE">10</attwidth><atprecis Sync="TRUE">10</atprecis><attscale Sync="TRUE">0</attscale></attr><attr><attrlabl Sync="TRUE">M_LIMENG</attrlabl><attalias Sync="TRUE">M_LIMENG</attalias><attrtype Sync="TRUE">Double</attrtype><attwidth Sync="TRUE">19</attwidth><atprecis Sync="TRUE">18</atprecis><attscale Sync="TRUE">1</attscale></attr><attr><attrlabl Sync="TRUE">E_MUNIT</attrlabl><attalias Sync="TRUE">E_MUNIT</attalias><attrtype Sync="TRUE">Integer</attrtype><attwidth Sync="TRUE">10</attwidth><atprecis Sync="TRUE">10</atprecis><attscale Sync="TRUE">0</attscale></attr><attr><attrlabl Sync="TRUE">M_MUNIT</attrlabl><attalias Sync="TRUE">M_MUNIT</attalias><attrtype Sync="TRUE">Double</attrtype><attwidth Sync="TRUE">19</attwidth><atprecis Sync="TRUE">18</atprecis><attscale Sync="TRUE">1</attscale></attr><attr><attrlabl Sync="TRUE">E_MOBILE</attrlabl><attalias Sync="TRUE">E_MOBILE</attalias><attrtype Sync="TRUE">Integer</attrtype><attwidth Sync="TRUE">10</attwidth><atprecis Sync="TRUE">10</atprecis><attscale Sync="TRUE">0</attscale></attr><attr><attrlabl Sync="TRUE">M_MOBILE</attrlabl><attalias Sync="TRUE">M_MOBILE</attalias><attrtype Sync="TRUE">Integer</attrtype><attwidth Sync="TRUE">10</attwidth><atprecis Sync="TRUE">10</atprecis><attscale Sync="TRUE">0</attscale></attr><attr><attrlabl Sync="TRUE">E_CROWD</attrlabl><attalias Sync="TRUE">E_CROWD</attalias><attrtype Sync="TRUE">Integer</attrtype><attwidth Sync="TRUE">10</attwidth><atprecis Sync="TRUE">10</atprecis><attscale Sync="TRUE">0</attscale></attr><attr><attrlabl Sync="TRUE">M_CROWD</attrlabl><attalias Sync="TRUE">M_CROWD</attalias><attrtype Sync="TRUE">Double</attrtype><attwidth Sync="TRUE">19</attwidth><atprecis Sync="TRUE">18</atprecis><attscale Sync="TRUE">1</attscale></attr><attr><attrlabl Sync="TRUE">E_NOVEH</attrlabl><attalias Sync="TRUE">E_NOVEH</attalias><attrtype Sync="TRUE">Integer</attrtype><attwidth Sync="TRUE">10</attwidth><atprecis Sync="TRUE">10</atprecis><attscale Sync="TRUE">0</attscale></attr><attr><attrlabl Sync="TRUE">M_NOVEH</attrlabl><attalias Sync="TRUE">M_NOVEH</attalias><attrtype Sync="TRUE">Integer</attrtype><attwidth Sync="TRUE">10</attwidth><atprecis Sync="TRUE">10</atprecis><attscale Sync="TRUE">0</attscale></attr><attr><attrlabl Sync="TRUE">E_GROUPQ</attrlabl><attalias Sync="TRUE">E_GROUPQ</attalias><attrtype Sync="TRUE">Integer</attrtype><attwidth Sync="TRUE">10</attwidth><atprecis Sync="TRUE">10</atprecis><attscale Sync="TRUE">0</attscale></attr><attr><attrlabl Sync="TRUE">M_GROUPQ</attrlabl><attalias Sync="TRUE">M_GROUPQ</attalias><attrtype Sync="TRUE">Integer</attrtype><attwidth Sync="TRUE">10</attwidth><atprecis Sync="TRUE">10</atprecis><attscale Sync="TRUE">0</attscale></attr><attr><attrlabl Sync="TRUE">EP_POV</attrlabl><attalias Sync="TRUE">EP_POV</attalias><attrtype Sync="TRUE">Double</attrtype><attwidth Sync="TRUE">19</attwidth><atprecis Sync="TRUE">18</atprecis><attscale Sync="TRUE">1</attscale></attr><attr><attrlabl Sync="TRUE">MP_POV</attrlabl><attalias Sync="TRUE">MP_POV</attalias><attrtype Sync="TRUE">Double</attrtype><attwidth Sync="TRUE">19</attwidth><atprecis Sync="TRUE">18</atprecis><attscale Sync="TRUE">1</attscale></attr><attr><attrlabl Sync="TRUE">EP_UNEMP</attrlabl><attalias Sync="TRUE">EP_UNEMP</attalias><attrtype Sync="TRUE">Double</attrtype><attwidth Sync="TRUE">19</attwidth><atprecis Sync="TRUE">18</atprecis><attscale Sync="TRUE">1</attscale></attr><attr><attrlabl Sync="TRUE">MP_UNEMP</attrlabl><attalias Sync="TRUE">MP_UNEMP</attalias><attrtype Sync="TRUE">Double</attrtype><attwidth Sync="TRUE">19</attwidth><atprecis Sync="TRUE">18</atprecis><attscale Sync="TRUE">1</attscale></attr><attr><attrlabl Sync="TRUE">EP_PCI</attrlabl><attalias Sync="TRUE">EP_PCI</attalias><attrtype Sync="TRUE">Double</attrtype><attwidth Sync="TRUE">19</attwidth><atprecis Sync="TRUE">18</atprecis><attscale Sync="TRUE">1</attscale></attr><attr><attrlabl Sync="TRUE">MP_PCI</attrlabl><attalias Sync="TRUE">MP_PCI</attalias><attrtype Sync="TRUE">Double</attrtype><attwidth Sync="TRUE">19</attwidth><atprecis Sync="TRUE">18</atprecis><attscale Sync="TRUE">1</attscale></attr><attr><attrlabl Sync="TRUE">EP_NOHSDP</attrlabl><attalias Sync="TRUE">EP_NOHSDP</attalias><attrtype Sync="TRUE">Double</attrtype><attwidth Sync="TRUE">19</attwidth><atprecis Sync="TRUE">18</atprecis><attscale Sync="TRUE">1</attscale></attr><attr><attrlabl Sync="TRUE">MP_NOHSDP</attrlabl><attalias Sync="TRUE">MP_NOHSDP</attalias><attrtype Sync="TRUE">Double</attrtype><attwidth Sync="TRUE">19</attwidth><atprecis Sync="TRUE">18</atprecis><attscale Sync="TRUE">1</attscale></attr><attr><attrlabl Sync="TRUE">EP_AGE65</attrlabl><attalias Sync="TRUE">EP_AGE65</attalias><attrtype Sync="TRUE">Double</attrtype><attwidth Sync="TRUE">19</attwidth><atprecis Sync="TRUE">18</atprecis><attscale Sync="TRUE">1</attscale></attr><attr><attrlabl Sync="TRUE">MP_AGE65</attrlabl><attalias Sync="TRUE">MP_AGE65</attalias><attrtype Sync="TRUE">Double</attrtype><attwidth Sync="TRUE">19</attwidth><atprecis Sync="TRUE">18</atprecis><attscale Sync="TRUE">1</attscale></attr><attr><attrlabl Sync="TRUE">EP_AGE17</attrlabl><attalias Sync="TRUE">EP_AGE17</attalias><attrtype Sync="TRUE">Double</attrtype><attwidth Sync="TRUE">19</attwidth><atprecis Sync="TRUE">18</atprecis><attscale Sync="TRUE">1</attscale></attr><attr><attrlabl Sync="TRUE">MP_AGE17</attrlabl><attalias Sync="TRUE">MP_AGE17</attalias><attrtype Sync="TRUE">Double</attrtype><attwidth Sync="TRUE">19</attwidth><atprecis Sync="TRUE">18</atprecis><attscale Sync="TRUE">1</attscale></attr><attr><attrlabl Sync="TRUE">EP_DISABL</attrlabl><attalias Sync="TRUE">EP_DISABL</attalias><attrtype Sync="TRUE">Double</attrtype><attwidth Sync="TRUE">19</attwidth><atprecis Sync="TRUE">18</atprecis><attscale Sync="TRUE">1</attscale></attr><attr><attrlabl Sync="TRUE">MP_DISABL</attrlabl><attalias Sync="TRUE">MP_DISABL</attalias><attrtype Sync="TRUE">Double</attrtype><attwidth Sync="TRUE">19</attwidth><atprecis Sync="TRUE">18</atprecis><attscale Sync="TRUE">1</attscale></attr><attr><attrlabl Sync="TRUE">EP_SNGPNT</attrlabl><attalias Sync="TRUE">EP_SNGPNT</attalias><attrtype Sync="TRUE">Double</attrtype><attwidth Sync="TRUE">19</attwidth><atprecis Sync="TRUE">18</atprecis><attscale Sync="TRUE">1</attscale></attr><attr><attrlabl Sync="TRUE">MP_SNGPNT</attrlabl><attalias Sync="TRUE">MP_SNGPNT</attalias><attrtype Sync="TRUE">Double</attrtype><attwidth Sync="TRUE">19</attwidth><atprecis Sync="TRUE">18</atprecis><attscale Sync="TRUE">1</attscale></attr><attr><attrlabl Sync="TRUE">EP_MINRTY</attrlabl><attalias Sync="TRUE">EP_MINRTY</attalias><attrtype Sync="TRUE">Double</attrtype><attwidth Sync="TRUE">19</attwidth><atprecis Sync="TRUE">18</atprecis><attscale Sync="TRUE">1</attscale></attr><attr><attrlabl Sync="TRUE">MP_MINRTY</attrlabl><attalias Sync="TRUE">MP_MINRTY</attalias><attrtype Sync="TRUE">Double</attrtype><attwidth Sync="TRUE">19</attwidth><atprecis Sync="TRUE">18</atprecis><attscale Sync="TRUE">1</attscale></attr><attr><attrlabl Sync="TRUE">EP_LIMENG</attrlabl><attalias Sync="TRUE">EP_LIMENG</attalias><attrtype Sync="TRUE">Double</attrtype><attwidth Sync="TRUE">19</attwidth><atprecis Sync="TRUE">18</atprecis><attscale Sync="TRUE">1</attscale></attr><attr><attrlabl Sync="TRUE">MP_LIMENG</attrlabl><attalias Sync="TRUE">MP_LIMENG</attalias><attrtype Sync="TRUE">Double</attrtype><attwidth Sync="TRUE">19</attwidth><atprecis Sync="TRUE">18</atprecis><attscale Sync="TRUE">1</attscale></attr><attr><attrlabl Sync="TRUE">EP_MUNIT</attrlabl><attalias Sync="TRUE">EP_MUNIT</attalias><attrtype Sync="TRUE">Double</attrtype><attwidth Sync="TRUE">19</attwidth><atprecis Sync="TRUE">18</atprecis><attscale Sync="TRUE">1</attscale></attr><attr><attrlabl Sync="TRUE">MP_MUNIT</attrlabl><attalias Sync="TRUE">MP_MUNIT</attalias><attrtype Sync="TRUE">Double</attrtype><attwidth Sync="TRUE">19</attwidth><atprecis Sync="TRUE">18</atprecis><attscale Sync="TRUE">1</attscale></attr><attr><attrlabl Sync="TRUE">EP_MOBILE</attrlabl><attalias Sync="TRUE">EP_MOBILE</attalias><attrtype Sync="TRUE">Double</attrtype><attwidth Sync="TRUE">19</attwidth><atprecis Sync="TRUE">18</atprecis><attscale Sync="TRUE">1</attscale></attr><attr><attrlabl Sync="TRUE">MP_MOBILE</attrlabl><attalias Sync="TRUE">MP_MOBILE</attalias><attrtype Sync="TRUE">Double</attrtype><attwidth Sync="TRUE">19</attwidth><atprecis Sync="TRUE">18</atprecis><attscale Sync="TRUE">1</attscale></attr><attr><attrlabl Sync="TRUE">EP_CROWD</attrlabl><attalias Sync="TRUE">EP_CROWD</attalias><attrtype Sync="TRUE">Double</attrtype><attwidth Sync="TRUE">19</attwidth><atprecis Sync="TRUE">18</atprecis><attscale Sync="TRUE">1</attscale></attr><attr><attrlabl Sync="TRUE">MP_CROWD</attrlabl><attalias Sync="TRUE">MP_CROWD</attalias><attrtype Sync="TRUE">Double</attrtype><attwidth Sync="TRUE">19</attwidth><atprecis Sync="TRUE">18</atprecis><attscale Sync="TRUE">1</attscale></attr><attr><attrlabl Sync="TRUE">EP_NOVEH</attrlabl><attalias Sync="TRUE">EP_NOVEH</attalias><attrtype Sync="TRUE">Double</attrtype><attwidth Sync="TRUE">19</attwidth><atprecis Sync="TRUE">18</atprecis><attscale Sync="TRUE">1</attscale></attr><attr><attrlabl Sync="TRUE">MP_NOVEH</attrlabl><attalias Sync="TRUE">MP_NOVEH</attalias><attrtype Sync="TRUE">Double</attrtype><attwidth Sync="TRUE">19</attwidth><atprecis Sync="TRUE">18</atprecis><attscale Sync="TRUE">1</attscale></attr><attr><attrlabl Sync="TRUE">EP_GROUPQ</attrlabl><attalias Sync="TRUE">EP_GROUPQ</attalias><attrtype Sync="TRUE">Double</attrtype><attwidth Sync="TRUE">19</attwidth><atprecis Sync="TRUE">18</atprecis><attscale Sync="TRUE">1</attscale></attr><attr><attrlabl Sync="TRUE">MP_GROUPQ</attrlabl><attalias Sync="TRUE">MP_GROUPQ</attalias><attrtype Sync="TRUE">Double</attrtype><attwidth Sync="TRUE">19</attwidth><atprecis Sync="TRUE">18</atprecis><attscale Sync="TRUE">1</attscale></attr><attr><attrlabl Sync="TRUE">EPL_POV</attrlabl><attalias Sync="TRUE">EPL_POV</attalias><attrtype Sync="TRUE">Double</attrtype><attwidth Sync="TRUE">19</attwidth><atprecis Sync="TRUE">18</atprecis><attscale Sync="TRUE">4</attscale></attr><attr><attrlabl Sync="TRUE">EPL_UNEMP</attrlabl><attalias Sync="TRUE">EPL_UNEMP</attalias><attrtype Sync="TRUE">Double</attrtype><attwidth Sync="TRUE">19</attwidth><atprecis Sync="TRUE">18</atprecis><attscale Sync="TRUE">4</attscale></attr><attr><attrlabl Sync="TRUE">EPL_PCI</attrlabl><attalias Sync="TRUE">EPL_PCI</attalias><attrtype Sync="TRUE">Double</attrtype><attwidth Sync="TRUE">19</attwidth><atprecis Sync="TRUE">18</atprecis><attscale Sync="TRUE">4</attscale></attr><attr><attrlabl Sync="TRUE">EPL_NOHSDP</attrlabl><attalias Sync="TRUE">EPL_NOHSDP</attalias><attrtype Sync="TRUE">Double</attrtype><attwidth Sync="TRUE">19</attwidth><atprecis Sync="TRUE">18</atprecis><attscale Sync="TRUE">4</attscale></attr><attr><attrlabl Sync="TRUE">SPL_THEME1</attrlabl><attalias Sync="TRUE">SPL_THEME1</attalias><attrtype Sync="TRUE">Double</attrtype><attwidth Sync="TRUE">19</attwidth><atprecis Sync="TRUE">18</atprecis><attscale Sync="TRUE">4</attscale></attr><attr><attrlabl Sync="TRUE">RPL_THEME1</attrlabl><attalias Sync="TRUE">RPL_THEME1</attalias><attrtype Sync="TRUE">Double</attrtype><attwidth Sync="TRUE">19</attwidth><atprecis Sync="TRUE">18</atprecis><attscale Sync="TRUE">4</attscale></attr><attr><attrlabl Sync="TRUE">EPL_AGE65</attrlabl><attalias Sync="TRUE">EPL_AGE65</attalias><attrtype Sync="TRUE">Double</attrtype><attwidth Sync="TRUE">19</attwidth><atprecis Sync="TRUE">18</atprecis><attscale Sync="TRUE">4</attscale></attr><attr><attrlabl Sync="TRUE">EPL_AGE17</attrlabl><attalias Sync="TRUE">EPL_AGE17</attalias><attrtype Sync="TRUE">Double</attrtype><attwidth Sync="TRUE">19</attwidth><atprecis Sync="TRUE">18</atprecis><attscale Sync="TRUE">4</attscale></attr><attr><attrlabl Sync="TRUE">EPL_DISABL</attrlabl><attalias Sync="TRUE">EPL_DISABL</attalias><attrtype Sync="TRUE">Double</attrtype><attwidth Sync="TRUE">19</attwidth><atprecis Sync="TRUE">18</atprecis><attscale Sync="TRUE">4</attscale></attr><attr><attrlabl Sync="TRUE">EPL_SNGPNT</attrlabl><attalias Sync="TRUE">EPL_SNGPNT</attalias><attrtype Sync="TRUE">Double</attrtype><attwidth Sync="TRUE">19</attwidth><atprecis Sync="TRUE">18</atprecis><attscale Sync="TRUE">4</attscale></attr><attr><attrlabl Sync="TRUE">SPL_THEME2</attrlabl><attalias Sync="TRUE">SPL_THEME2</attalias><attrtype Sync="TRUE">Double</attrtype><attwidth Sync="TRUE">19</attwidth><atprecis Sync="TRUE">18</atprecis><attscale Sync="TRUE">4</attscale></attr><attr><attrlabl Sync="TRUE">RPL_THEME2</attrlabl><attalias Sync="TRUE">RPL_THEME2</attalias><attrtype Sync="TRUE">Double</attrtype><attwidth Sync="TRUE">19</attwidth><atprecis Sync="TRUE">18</atprecis><attscale Sync="TRUE">4</attscale></attr><attr><attrlabl Sync="TRUE">EPL_MINRTY</attrlabl><attalias Sync="TRUE">EPL_MINRTY</attalias><attrtype Sync="TRUE">Double</attrtype><attwidth Sync="TRUE">19</attwidth><atprecis Sync="TRUE">18</atprecis><attscale Sync="TRUE">4</attscale></attr><attr><attrlabl Sync="TRUE">EPL_LIMENG</attrlabl><attalias Sync="TRUE">EPL_LIMENG</attalias><attrtype Sync="TRUE">Double</attrtype><attwidth Sync="TRUE">19</attwidth><atprecis Sync="TRUE">18</atprecis><attscale Sync="TRUE">4</attscale></attr><attr><attrlabl Sync="TRUE">SPL_THEME3</attrlabl><attalias Sync="TRUE">SPL_THEME3</attalias><attrtype Sync="TRUE">Double</attrtype><attwidth Sync="TRUE">19</attwidth><atprecis Sync="TRUE">18</atprecis><attscale Sync="TRUE">4</attscale></attr><attr><attrlabl Sync="TRUE">RPL_THEME3</attrlabl><attalias Sync="TRUE">RPL_THEME3</attalias><attrtype Sync="TRUE">Double</attrtype><attwidth Sync="TRUE">19</attwidth><atprecis Sync="TRUE">18</atprecis><attscale Sync="TRUE">4</attscale></attr><attr><attrlabl Sync="TRUE">EPL_MUNIT</attrlabl><attalias Sync="TRUE">EPL_MUNIT</attalias><attrtype Sync="TRUE">Double</attrtype><attwidth Sync="TRUE">19</attwidth><atprecis Sync="TRUE">18</atprecis><attscale Sync="TRUE">4</attscale></attr><attr><attrlabl Sync="TRUE">EPL_MOBILE</attrlabl><attalias Sync="TRUE">EPL_MOBILE</attalias><attrtype Sync="TRUE">Double</attrtype><attwidth Sync="TRUE">19</attwidth><atprecis Sync="TRUE">18</atprecis><attscale Sync="TRUE">4</attscale></attr><attr><attrlabl Sync="TRUE">EPL_CROWD</attrlabl><attalias Sync="TRUE">EPL_CROWD</attalias><attrtype Sync="TRUE">Double</attrtype><attwidth Sync="TRUE">19</attwidth><atprecis Sync="TRUE">18</atprecis><attscale Sync="TRUE">4</attscale></attr><attr><attrlabl Sync="TRUE">EPL_NOVEH</attrlabl><attalias Sync="TRUE">EPL_NOVEH</attalias><attrtype Sync="TRUE">Double</attrtype><attwidth Sync="TRUE">19</attwidth><atprecis Sync="TRUE">18</atprecis><attscale Sync="TRUE">4</attscale></attr><attr><attrlabl Sync="TRUE">EPL_GROUPQ</attrlabl><attalias Sync="TRUE">EPL_GROUPQ</attalias><attrtype Sync="TRUE">Double</attrtype><attwidth Sync="TRUE">19</attwidth><atprecis Sync="TRUE">18</atprecis><attscale Sync="TRUE">4</attscale></attr><attr><attrlabl Sync="TRUE">SPL_THEME4</attrlabl><attalias Sync="TRUE">SPL_THEME4</attalias><attrtype Sync="TRUE">Double</attrtype><attwidth Sync="TRUE">19</attwidth><atprecis Sync="TRUE">18</atprecis><attscale Sync="TRUE">4</attscale></attr><attr><attrlabl Sync="TRUE">RPL_THEME4</attrlabl><attalias Sync="TRUE">RPL_THEME4</attalias><attrtype Sync="TRUE">Double</attrtype><attwidth Sync="TRUE">19</attwidth><atprecis Sync="TRUE">18</atprecis><attscale Sync="TRUE">4</attscale></attr><attr><attrlabl Sync="TRUE">SPL_THEMES</attrlabl><attalias Sync="TRUE">SPL_THEMES</attalias><attrtype Sync="TRUE">Double</attrtype><attwidth Sync="TRUE">19</attwidth><atprecis Sync="TRUE">18</atprecis><attscale Sync="TRUE">4</attscale></attr><attr><attrlabl Sync="TRUE">RPL_THEMES</attrlabl><attalias Sync="TRUE">RPL_THEMES</attalias><attrtype Sync="TRUE">Double</attrtype><attwidth Sync="TRUE">19</attwidth><atprecis Sync="TRUE">18</atprecis><attscale Sync="TRUE">4</attscale></attr><attr><attrlabl Sync="TRUE">F_POV</attrlabl><attalias Sync="TRUE">F_POV</attalias><attrtype Sync="TRUE">Integer</attrtype><attwidth Sync="TRUE">5</attwidth><atprecis Sync="TRUE">5</atprecis><attscale Sync="TRUE">0</attscale></attr><attr><attrlabl Sync="TRUE">F_UNEMP</attrlabl><attalias Sync="TRUE">F_UNEMP</attalias><attrtype Sync="TRUE">Integer</attrtype><attwidth Sync="TRUE">5</attwidth><atprecis Sync="TRUE">5</atprecis><attscale Sync="TRUE">0</attscale></attr><attr><attrlabl Sync="TRUE">F_PCI</attrlabl><attalias Sync="TRUE">F_PCI</attalias><attrtype Sync="TRUE">Integer</attrtype><attwidth Sync="TRUE">5</attwidth><atprecis Sync="TRUE">5</atprecis><attscale Sync="TRUE">0</attscale></attr><attr><attrlabl Sync="TRUE">F_NOHSDP</attrlabl><attalias Sync="TRUE">F_NOHSDP</attalias><attrtype Sync="TRUE">Integer</attrtype><attwidth Sync="TRUE">5</attwidth><atprecis Sync="TRUE">5</atprecis><attscale Sync="TRUE">0</attscale></attr><attr><attrlabl Sync="TRUE">F_THEME1</attrlabl><attalias Sync="TRUE">F_THEME1</attalias><attrtype Sync="TRUE">Integer</attrtype><attwidth Sync="TRUE">5</attwidth><atprecis Sync="TRUE">5</atprecis><attscale Sync="TRUE">0</attscale></attr><attr><attrlabl Sync="TRUE">F_AGE65</attrlabl><attalias Sync="TRUE">F_AGE65</attalias><attrtype Sync="TRUE">Integer</attrtype><attwidth Sync="TRUE">5</attwidth><atprecis Sync="TRUE">5</atprecis><attscale Sync="TRUE">0</attscale></attr><attr><attrlabl Sync="TRUE">F_AGE17</attrlabl><attalias Sync="TRUE">F_AGE17</attalias><attrtype Sync="TRUE">Integer</attrtype><attwidth Sync="TRUE">5</attwidth><atprecis Sync="TRUE">5</atprecis><attscale Sync="TRUE">0</attscale></attr><attr><attrlabl Sync="TRUE">F_DISABL</attrlabl><attalias Sync="TRUE">F_DISABL</attalias><attrtype Sync="TRUE">Integer</attrtype><attwidth Sync="TRUE">5</attwidth><atprecis Sync="TRUE">5</atprecis><attscale Sync="TRUE">0</attscale></attr><attr><attrlabl Sync="TRUE">F_SNGPNT</attrlabl><attalias Sync="TRUE">F_SNGPNT</attalias><attrtype Sync="TRUE">Integer</attrtype><attwidth Sync="TRUE">5</attwidth><atprecis Sync="TRUE">5</atprecis><attscale Sync="TRUE">0</attscale></attr><attr><attrlabl Sync="TRUE">F_THEME2</attrlabl><attalias Sync="TRUE">F_THEME2</attalias><attrtype Sync="TRUE">Integer</attrtype><attwidth Sync="TRUE">5</attwidth><atprecis Sync="TRUE">5</atprecis><attscale Sync="TRUE">0</attscale></attr><attr><attrlabl Sync="TRUE">F_MINRTY</attrlabl><attalias Sync="TRUE">F_MINRTY</attalias><attrtype Sync="TRUE">Integer</attrtype><attwidth Sync="TRUE">5</attwidth><atprecis Sync="TRUE">5</atprecis><attscale Sync="TRUE">0</attscale></attr><attr><attrlabl Sync="TRUE">F_LIMENG</attrlabl><attalias Sync="TRUE">F_LIMENG</attalias><attrtype Sync="TRUE">Integer</attrtype><attwidth Sync="TRUE">5</attwidth><atprecis Sync="TRUE">5</atprecis><attscale Sync="TRUE">0</attscale></attr><attr><attrlabl Sync="TRUE">F_THEME3</attrlabl><attalias Sync="TRUE">F_THEME3</attalias><attrtype Sync="TRUE">Integer</attrtype><attwidth Sync="TRUE">5</attwidth><atprecis Sync="TRUE">5</atprecis><attscale Sync="TRUE">0</attscale></attr><attr><attrlabl Sync="TRUE">F_MUNIT</attrlabl><attalias Sync="TRUE">F_MUNIT</attalias><attrtype Sync="TRUE">Integer</attrtype><attwidth Sync="TRUE">5</attwidth><atprecis Sync="TRUE">5</atprecis><attscale Sync="TRUE">0</attscale></attr><attr><attrlabl Sync="TRUE">F_MOBILE</attrlabl><attalias Sync="TRUE">F_MOBILE</attalias><attrtype Sync="TRUE">Integer</attrtype><attwidth Sync="TRUE">5</attwidth><atprecis Sync="TRUE">5</atprecis><attscale Sync="TRUE">0</attscale></attr><attr><attrlabl Sync="TRUE">F_CROWD</attrlabl><attalias Sync="TRUE">F_CROWD</attalias><attrtype Sync="TRUE">Integer</attrtype><attwidth Sync="TRUE">5</attwidth><atprecis Sync="TRUE">5</atprecis><attscale Sync="TRUE">0</attscale></attr><attr><attrlabl Sync="TRUE">F_NOVEH</attrlabl><attalias Sync="TRUE">F_NOVEH</attalias><attrtype Sync="TRUE">Integer</attrtype><attwidth Sync="TRUE">5</attwidth><atprecis Sync="TRUE">5</atprecis><attscale Sync="TRUE">0</attscale></attr><attr><attrlabl Sync="TRUE">F_GROUPQ</attrlabl><attalias Sync="TRUE">F_GROUPQ</attalias><attrtype Sync="TRUE">Integer</attrtype><attwidth Sync="TRUE">5</attwidth><atprecis Sync="TRUE">5</atprecis><attscale Sync="TRUE">0</attscale></attr><attr><attrlabl Sync="TRUE">F_THEME4</attrlabl><attalias Sync="TRUE">F_THEME4</attalias><attrtype Sync="TRUE">Integer</attrtype><attwidth Sync="TRUE">5</attwidth><atprecis Sync="TRUE">5</atprecis><attscale Sync="TRUE">0</attscale></attr><attr><attrlabl Sync="TRUE">F_TOTAL</attrlabl><attalias Sync="TRUE">F_TOTAL</attalias><attrtype Sync="TRUE">Integer</attrtype><attwidth Sync="TRUE">5</attwidth><atprecis Sync="TRUE">5</atprecis><attscale Sync="TRUE">0</attscale></attr><attr><attrlabl Sync="TRUE">E_UNINSUR</attrlabl><attalias Sync="TRUE">E_UNINSUR</attalias><attrtype Sync="TRUE">Integer</attrtype><attwidth Sync="TRUE">10</attwidth><atprecis Sync="TRUE">10</atprecis><attscale Sync="TRUE">0</attscale></attr><attr><attrlabl Sync="TRUE">M_UNINSUR</attrlabl><attalias Sync="TRUE">M_UNINSUR</attalias><attrtype Sync="TRUE">Integer</attrtype><attwidth Sync="TRUE">10</attwidth><atprecis Sync="TRUE">10</atprecis><attscale Sync="TRUE">0</attscale></attr><attr><attrlabl Sync="TRUE">EP_UNINSUR</attrlabl><attalias Sync="TRUE">EP_UNINSUR</attalias><attrtype Sync="TRUE">Double</attrtype><attwidth Sync="TRUE">19</attwidth><atprecis Sync="TRUE">18</atprecis><attscale Sync="TRUE">1</attscale></attr><attr><attrlabl Sync="TRUE">MP_UNINSUR</attrlabl><attalias Sync="TRUE">MP_UNINSUR</attalias><attrtype Sync="TRUE">Double</attrtype><attwidth Sync="TRUE">19</attwidth><atprecis Sync="TRUE">18</atprecis><attscale Sync="TRUE">1</attscale></attr><attr><attrlabl Sync="TRUE">E_DAYPOP</attrlabl><attalias Sync="TRUE">E_DAYPOP</attalias><attrtype Sync="TRUE">Integer</attrtype><attwidth Sync="TRUE">10</attwidth><atprecis Sync="TRUE">10</atprecis><attscale Sync="TRUE">0</attscale></attr><attr><attrlabl Sync="TRUE">Shape_STAr</attrlabl><attalias Sync="TRUE">Shape_STAr</attalias><attrtype Sync="TRUE">Double</attrtype><attwidth Sync="TRUE">19</attwidth><atprecis Sync="TRUE">0</atprecis><attscale Sync="TRUE">0</attscale></attr><attr><attrlabl Sync="TRUE">Shape_STLe</attrlabl><attalias Sync="TRUE">Shape_STLe</attalias><attrtype Sync="TRUE">Double</attrtype><attwidth Sync="TRUE">19</attwidth><atprecis Sync="TRUE">0</atprecis><attscale Sync="TRUE">0</attscale></attr><attr><attrlabl Sync="TRUE">FID_1</attrlabl><attalias Sync="TRUE">FID_1</attalias><attrtype Sync="TRUE">Integer</attrtype><attwidth Sync="TRUE">9</attwidth><atprecis Sync="TRUE">9</atprecis><attscale Sync="TRUE">0</attscale></attr><attr><attrlabl Sync="TRUE">STATE_1</attrlabl><attalias Sync="TRUE">STATE_1</attalias><attrtype Sync="TRUE">String</attrtype><attwidth Sync="TRUE">2</attwidth><atprecis Sync="TRUE">0</atprecis><attscale Sync="TRUE">0</attscale></attr><attr><attrlabl Sync="TRUE">CWA</attrlabl><attalias Sync="TRUE">CWA</attalias><attrtype Sync="TRUE">String</attrtype><attwidth Sync="TRUE">9</attwidth><atprecis Sync="TRUE">0</atprecis><attscale Sync="TRUE">0</attscale></attr><attr><attrlabl Sync="TRUE">COUNTYNAME</attrlabl><attalias Sync="TRUE">COUNTYNAME</attalias><attrtype Sync="TRUE">String</attrtype><attwidth Sync="TRUE">24</attwidth><atprecis Sync="TRUE">0</atprecis><attscale Sync="TRUE">0</attscale></attr><attr><attrlabl Sync="TRUE">FIPS_1</attrlabl><attalias Sync="TRUE">FIPS_1</attalias><attrtype Sync="TRUE">Integer</attrtype><attwidth Sync="TRUE">5</attwidth><atprecis Sync="TRUE">5</atprecis><attscale Sync="TRUE">0</attscale></attr><attr><attrlabl Sync="TRUE">TIME_ZONE</attrlabl><attalias Sync="TRUE">TIME_ZONE</attalias><attrtype Sync="TRUE">String</attrtype><attwidth Sync="TRUE">2</attwidth><atprecis Sync="TRUE">0</atprecis><attscale Sync="TRUE">0</attscale></attr><attr><attrlabl Sync="TRUE">FE_AREA</attrlabl><attalias Sync="TRUE">FE_AREA</attalias><attrtype Sync="TRUE">String</attrtype><attwidth Sync="TRUE">2</attwidth><atprecis Sync="TRUE">0</atprecis><attscale Sync="TRUE">0</attscale></attr><attr><attrlabl Sync="TRUE">LON</attrlabl><attalias Sync="TRUE">LON</attalias><attrtype Sync="TRUE">Double</attrtype><attwidth Sync="TRUE">19</attwidth><atprecis Sync="TRUE">18</atprecis><attscale Sync="TRUE">5</attscale></attr><attr><attrlabl Sync="TRUE">LAT</attrlabl><attalias Sync="TRUE">LAT</attalias><attrtype Sync="TRUE">Double</attrtype><attwidth Sync="TRUE">19</attwidth><atprecis Sync="TRUE">18</atprecis><attscale Sync="TRUE">5</attscale></attr><attr><attrlabl Sync="TRUE">MobileHome</attrlabl><attalias Sync="TRUE">MobileHome</attalias><attrtype Sync="TRUE">Double</attrtype><attwidth Sync="TRUE">19</attwidth><atprecis Sync="TRUE">0</atprecis><attscale Sync="TRUE">0</attscale></attr><attr><attrlabl Sync="TRUE">ErrorMargi</attrlabl><attalias Sync="TRUE">ErrorMargi</attalias><attrtype Sync="TRUE">Double</attrtype><attwidth Sync="TRUE">19</attwidth><atprecis Sync="TRUE">0</atprecis><attscale Sync="TRUE">0</attscale></attr></detailed></eainfo><mdDateSt Sync="TRUE">20211115</mdDateSt></metadata>
